timestamp,machine_id,temperature,vibration,pressure,rpm,current,ambient_temp,acoustic_emission,operating_state
2026-10-04T08:00:00Z,PUMP_001,60.58,1.91,5.0,1768.9,27.54,21.27,39.2,RUNNING
2026-10-04T08:05:00Z,PUMP_001,60.61,1.97,4.98,1768.9,27.4,21.04,37.1,RUNNING
2026-10-04T08:10:00Z,PUMP_001,61.27,1.95,5.0,1770.4,27.59,21.06,38.9,RUNNING
2026-10-04T08:15:00Z,PUMP_001,61.56,1.84,4.99,1771.8,27.3,21.13,36.8,RUNNING
2026-10-04T08:20:00Z,PUMP_001,61.83,1.81,5.04,1770.9,27.42,21.51,37.6,RUNNING
2026-10-04T08:25:00Z,PUMP_001,61.73,1.78,5.03,1771.4,27.45,21.43,36.6,RUNNING
2026-10-04T08:30:00Z,PUMP_001,61.51,1.61,4.99,1768.9,27.16,21.29,38.4,RUNNING
2026-10-04T08:35:00Z,PUMP_001,61.45,1.59,5.0,1769.1,27.66,21.47,38.3,RUNNING
2026-10-04T08:40:00Z,PUMP_001,61.11,1.65,4.99,1769.5,27.69,21.5,38.2,RUNNING
2026-10-04T08:45:00Z,PUMP_001,61.12,1.69,5.04,1768.9,27.12,21.4,37.3,RUNNING
2026-10-04T08:50:00Z,PUMP_001,60.5,1.76,5.05,1769.3,27.49,21.46,39.2,RUNNING
2026-10-04T08:55:00Z,PUMP_001,60.29,1.69,5.0,1770.2,27.26,21.56,39.2,RUNNING
2026-10-04T09:00:00Z,PUMP_001,59.91,1.76,5.06,1770.0,27.15,21.38,36.8,RUNNING
2026-10-04T09:05:00Z,PUMP_001,59.75,1.95,5.01,1768.3,27.33,21.79,38.1,RUNNING
2026-10-04T09:10:00Z,PUMP_001,59.74,2.03,4.98,1770.9,27.51,21.63,37.3,RUNNING
2026-10-04T09:15:00Z,PUMP_001,59.41,1.91,5.01,1769.8,27.67,21.8,37.3,RUNNING
2026-10-04T09:20:00Z,PUMP_001,59.3,1.93,5.05,1771.5,27.28,21.74,38.3,RUNNING
2026-10-04T09:25:00Z,PUMP_001,59.18,2.03,5.02,1771.1,27.42,21.51,37.5,RUNNING
2026-10-04T09:30:00Z,PUMP_001,59.28,2.01,5.05,1771.3,27.28,21.56,39.1,RUNNING
2026-10-04T09:35:00Z,PUMP_001,60.11,1.77,5.02,1768.3,27.56,21.88,36.9,RUNNING
2026-10-04T09:40:00Z,PUMP_001,60.15,1.78,5.0,1771.5,27.35,21.68,38.1,RUNNING
2026-10-04T09:45:00Z,PUMP_001,60.66,1.64,5.0,1772.0,27.49,21.81,38.1,RUNNING
2026-10-04T09:50:00Z,PUMP_001,60.65,1.58,5.01,1770.4,27.24,21.75,36.7,RUNNING
2026-10-04T09:55:00Z,PUMP_001,61.27,1.55,5.05,1771.4,27.14,21.79,38.5,RUNNING
2026-10-04T10:00:00Z,PUMP_001,61.28,1.53,5.05,1770.3,27.38,22.03,38.9,RUNNING
2026-10-04T10:05:00Z,PUMP_001,61.44,1.55,5.01,1769.7,27.38,22.04,38.5,RUNNING
2026-10-04T10:10:00Z,PUMP_001,61.99,1.61,5.01,1769.4,27.62,21.88,37.1,RUNNING
2026-10-04T10:15:00Z,PUMP_001,61.63,1.75,5.0,1769.0,27.65,21.99,39.1,RUNNING
2026-10-04T10:20:00Z,PUMP_001,61.56,1.75,5.06,1771.3,27.68,22.21,39.0,RUNNING
2026-10-04T10:25:00Z,PUMP_001,61.1,1.91,5.0,1769.6,27.14,22.02,39.5,RUNNING
2026-10-04T10:30:00Z,PUMP_001,60.85,2.03,5.02,1769.7,27.67,22.3,38.2,RUNNING
2026-10-04T10:35:00Z,PUMP_001,60.78,1.93,5.0,1771.9,27.45,22.15,38.7,RUNNING
2026-10-04T10:40:00Z,PUMP_001,60.03,2.01,5.02,1771.4,27.19,22.34,36.7,RUNNING
2026-10-04T10:45:00Z,PUMP_001,59.76,1.98,5.03,1768.9,27.17,22.35,37.2,RUNNING
2026-10-04T10:50:00Z,PUMP_001,59.72,1.93,5.01,1770.3,27.41,22.39,37.1,RUNNING
2026-10-04T10:55:00Z,PUMP_001,59.57,1.78,5.01,1770.7,27.28,22.18,38.8,RUNNING
2026-10-04T11:00:00Z,PUMP_001,59.07,1.74,5.06,1772.0,27.14,22.17,37.3,RUNNING
2026-10-04T11:05:00Z,PUMP_001,59.57,1.75,5.05,1769.5,27.19,22.44,38.6,RUNNING
2026-10-04T11:10:00Z,PUMP_001,59.46,1.72,5.03,1768.0,27.59,22.26,38.5,RUNNING
2026-10-04T11:15:00Z,PUMP_001,59.85,1.53,4.99,1768.4,27.43,22.28,38.3,RUNNING
2026-10-04T11:20:00Z,PUMP_001,62.17,1.92,5.02,1768.1,27.54,22.56,41.4,RUNNING
2026-10-04T11:25:00Z,PUMP_001,62.12,2.08,4.99,1766.9,27.86,22.47,39.8,RUNNING
2026-10-04T11:30:00Z,PUMP_001,63.08,2.2,5.0,1766.8,27.49,22.59,43.2,RUNNING
2026-10-04T11:35:00Z,PUMP_001,63.37,2.38,5.01,1767.2,27.65,22.38,44.0,RUNNING
2026-10-04T11:40:00Z,PUMP_001,64.01,2.47,5.03,1767.4,27.85,22.32,44.3,RUNNING
2026-10-04T11:45:00Z,PUMP_001,64.52,2.39,5.01,1767.0,28.45,22.65,45.9,RUNNING
2026-10-04T11:50:00Z,PUMP_001,64.91,2.64,4.96,1769.3,28.15,22.69,46.0,RUNNING
2026-10-04T11:55:00Z,PUMP_001,65.39,2.69,4.98,1769.3,28.12,22.69,47.0,RUNNING
2026-10-04T12:00:00Z,PUMP_001,65.32,2.78,4.99,1767.3,28.72,22.45,44.5,RUNNING
2026-10-04T12:05:00Z,PUMP_001,65.74,2.68,5.02,1769.8,28.48,22.64,46.8,RUNNING
2026-10-04T12:10:00Z,PUMP_001,66.81,2.84,5.02,1766.3,29.08,22.47,49.9,RUNNING
2026-10-04T12:15:00Z,PUMP_001,66.68,2.77,4.98,1768.7,28.74,22.66,48.8,RUNNING
2026-10-04T12:20:00Z,PUMP_001,67.22,3.01,4.96,1768.5,28.64,22.81,49.8,RUNNING
2026-10-04T12:25:00Z,PUMP_001,67.93,3.15,4.99,1767.0,28.81,22.73,49.7,RUNNING
2026-10-04T12:30:00Z,PUMP_001,68.05,3.27,5.0,1766.6,29.1,22.64,50.8,RUNNING
2026-10-04T12:35:00Z,PUMP_001,68.48,3.09,4.97,1769.0,29.47,22.86,52.5,RUNNING
2026-10-04T12:40:00Z,PUMP_001,68.93,3.32,4.93,1766.3,29.42,22.75,53.4,RUNNING
2026-10-04T12:45:00Z,PUMP_001,69.5,3.36,4.95,1766.9,29.87,22.86,52.3,RUNNING
2026-10-04T12:50:00Z,PUMP_001,69.64,3.47,4.98,1766.3,29.93,22.86,55.1,RUNNING
2026-10-04T12:55:00Z,PUMP_001,70.19,3.44,4.93,1765.8,29.81,22.92,53.5,RUNNING
2026-10-04T13:00:00Z,PUMP_001,70.79,3.67,4.94,1767.5,29.95,22.7,56.6,RUNNING
2026-10-04T13:05:00Z,PUMP_001,70.9,3.79,4.98,1765.0,30.02,22.69,58.6,RUNNING
2026-10-04T13:10:00Z,PUMP_001,71.76,3.63,4.94,1767.9,30.16,22.96,58.3,RUNNING
2026-10-04T13:15:00Z,PUMP_001,72.58,3.9,4.99,1767.9,30.39,22.95,58.4,DEGRADED
2026-10-04T13:20:00Z,PUMP_001,72.89,3.96,4.99,1767.2,30.41,22.78,58.2,DEGRADED
2026-10-04T13:25:00Z,PUMP_001,73.18,4.12,4.95,1766.6,30.39,22.73,59.1,DEGRADED
2026-10-04T13:30:00Z,PUMP_001,73.33,4.04,4.95,1764.6,30.48,23.0,61.6,DEGRADED
2026-10-04T13:35:00Z,PUMP_001,73.61,4.15,4.95,1765.6,30.58,22.91,63.2,DEGRADED
2026-10-04T13:40:00Z,PUMP_001,74.47,4.33,4.97,1766.9,30.83,22.76,61.8,DEGRADED
2026-10-04T13:45:00Z,PUMP_001,75.05,4.47,4.98,1765.4,31.2,23.0,63.6,DEGRADED
2026-10-04T13:50:00Z,PUMP_001,75.06,4.33,4.94,1763.7,31.04,23.07,63.6,DEGRADED
2026-10-04T13:55:00Z,PUMP_001,75.46,4.49,4.91,1765.9,30.94,22.98,65.1,DEGRADED
2026-10-04T14:00:00Z,PUMP_001,75.79,4.63,4.91,1765.2,31.08,22.99,64.4,DEGRADED
2026-10-04T14:05:00Z,PUMP_001,76.48,4.76,4.92,1766.2,31.74,22.96,64.7,DEGRADED
2026-10-04T14:10:00Z,PUMP_001,76.67,4.76,4.97,1764.5,31.74,23.19,67.8,DEGRADED
2026-10-04T14:15:00Z,PUMP_001,78.81,5.36,4.86,1761.1,31.54,22.88,69.8,DEGRADED
2026-10-04T14:20:00Z,PUMP_001,79.31,5.04,4.91,1764.4,31.74,23.16,70.9,DEGRADED
2026-10-04T14:25:00Z,PUMP_001,79.5,5.65,4.94,1760.7,31.8,22.99,71.2,DEGRADED
2026-10-04T14:30:00Z,PUMP_001,81.24,5.54,4.9,1760.1,32.58,23.18,69.0,DEGRADED
2026-10-04T14:35:00Z,PUMP_001,81.74,6.05,4.88,1759.9,33.04,23.27,70.9,DEGRADED
2026-10-04T14:40:00Z,PUMP_001,82.06,5.9,4.85,1760.6,33.1,23.29,70.4,DEGRADED
2026-10-04T14:45:00Z,PUMP_001,83.43,6.27,4.88,1762.0,32.92,23.24,75.3,DEGRADED
2026-10-04T14:50:00Z,PUMP_001,83.33,6.58,4.84,1760.5,33.1,23.24,72.5,DEGRADED
2026-10-04T14:55:00Z,PUMP_001,84.76,6.78,4.78,1762.1,33.12,23.08,74.9,DEGRADED
2026-10-04T15:00:00Z,PUMP_001,84.92,6.41,4.86,1758.2,33.28,23.28,74.2,DEGRADED
2026-10-04T15:05:00Z,PUMP_001,86.25,7.07,4.78,1756.9,34.13,22.85,76.8,DEGRADED
2026-10-04T15:10:00Z,PUMP_001,86.51,7.29,4.82,1759.6,33.9,23.28,74.3,DEGRADED
2026-10-04T15:15:00Z,PUMP_001,86.92,7.43,4.77,1758.9,34.08,23.12,76.6,DEGRADED
2026-10-04T15:20:00Z,PUMP_001,88.27,7.37,4.81,1756.9,34.06,22.87,76.1,DEGRADED
2026-10-04T15:25:00Z,PUMP_001,88.25,7.7,4.8,1756.1,34.22,23.09,79.5,DEGRADED
2026-10-04T15:30:00Z,PUMP_001,90.01,7.88,4.74,1755.3,34.39,22.94,77.4,DEGRADED
2026-10-04T15:35:00Z,PUMP_001,89.58,8.07,4.73,1759.2,34.9,23.22,77.8,DEGRADED
2026-10-04T15:40:00Z,PUMP_001,91.34,8.23,4.79,1756.8,35.01,23.06,78.8,DEGRADED
2026-10-04T15:45:00Z,PUMP_001,91.09,8.73,4.73,1757.6,35.14,22.84,81.6,DEGRADED
2026-10-04T15:50:00Z,PUMP_001,91.82,8.37,4.73,1754.6,35.86,22.87,83.0,DEGRADED
2026-10-04T15:55:00Z,PUMP_001,93.21,9.0,4.68,1755.3,35.56,23.07,84.1,DEGRADED
2026-10-04T16:00:00Z,PUMP_001,94.4,8.85,4.72,1755.3,36.0,23.37,81.5,DEGRADED
2026-10-04T16:05:00Z,PUMP_001,94.19,9.29,4.66,1752.7,35.59,22.8,83.4,DEGRADED
2026-10-04T16:10:00Z,PUMP_001,95.38,9.22,4.66,1755.0,36.35,23.07,85.3,DEGRADED
2026-10-04T16:15:00Z,PUMP_001,96.51,9.75,4.7,1754.3,36.74,23.06,85.2,DEGRADED
